N,genus_species,site_name,broods,weedy,hostgenera,hostfamily,resident,wintering,NOTES
1,Adelpha bredowii californica,Castle Peak,two,0,1,1,no,no,
2,Adelpha bredowii californica,Donner Pass,two,0,1,1,no,no,
3,Adelpha bredowii californica,Gates Canyon,two,0,1,1,yes,larva,
4,Adelpha bredowii californica,Lang Crossing,two,0,1,1,yes,larva,
5,Adelpha bredowii californica,North Sacramento,two,0,1,1,no,no,
6,Adelpha bredowii californica,Rancho Cordova,two,0,1,1,no,no,
7,Adelpha bredowii californica,Sierra Valley,two,0,1,1,no,no,
8,Adelpha bredowii californica,Suisun Marsh,two,0,1,1,no,no,
9,Adelpha bredowii californica,Washington,two,0,1,1,yes,larva,
10,Adelpha bredowii californica,West Sacramento,two,0,1,1,no,no,
11,Agraulis vanillae,Gates Canyon,multiple,1,1,1,no,no,
12,Agraulis vanillae,North Sacramento,multiple,1,1,1,no,no,
13,Agraulis vanillae,Rancho Cordova,multiple,1,NA,NA,yes,adult,
14,Agraulis vanillae,Suisun Marsh,multiple,1,1,1,yes,adult,
15,Agriades podarce,Castle Peak,one,0,1,1,yes,larva,
16,Agriades podarce,Donner Pass,one,0,1,1,yes,larva,
17,Amblyscirtes vialis,Donner Pass,one,0,NA,NA,no,no,
18,Amblyscirtes vialis,Lang Crossing,one,0,1,1,yes,larva,
19,Amblyscirtes vialis,Washington,one,0,NA,1,yes,larva,
20,Anthocharis lanceolata,Donner Pass,one,0,1,1,no,no,
21,Anthocharis lanceolata,Lang Crossing,one,0,1,1,yes,pupa,
22,Anthocharis lanceolata,Sierra Valley,one,0,1,1,no,no,
23,Anthocharis lanceolata,Washington,one,0,1,1,yes,pupa,
24,Anthocharis sara sara,Castle Peak,one,0,1,1,no,no,
25,Anthocharis sara sara,Donner Pass,one,0,1,1,yes,pupa,
26,Anthocharis sara sara,Gates Canyon,two,0,4,1,yes,pupa,
27,Anthocharis sara sara,Lang Crossing,one,0,1,1,NA,pupa,
28,Anthocharis sara sara,North Sacramento,one,0,2,1,no,no,
29,Anthocharis sara sara,Rancho Cordova,one,0,1,1,no,no,
30,Anthocharis sara sara,Washington,one,0,1,1,yes,pupa,
31,Anthocharis sara sara,West Sacramento,one,0,2,1,no,no,
32,Anthocharis sara thoosa,Sierra Valley,one,0,1,1,yes,pupa,
33,Anthocharis stella,Castle Peak,one,0,1,1,yes,pupa,
34,Anthocharis stella,Donner Pass,one,0,1,1,yes,pupa,
35,Anthocharis stella,Lang Crossing,one,0,1,1,yes,pupa,
36,Anthocharis stella,Sierra Valley,one,0,1,1,yes,pupa,
37,Apodemia mormo,Donner Pass,one,0,1,1,yes,larva,
38,Apodemia mormo,Gates Canyon,one,0,1,1,no,no,
39,Apodemia mormo,Lang Crossing,one,0,1,1,yes,larva,
40,Apodemia mormo,Washington,one,0,1,1,yes,larva,
41,Atalopedes campestris,Castle Peak,multiple,1,0,0,no,no,
42,Atalopedes campestris,Donner Pass,multiple,1,0,0,no,no,
43,Atalopedes campestris,Gates Canyon,multiple,1,3,1,yes,larva,
44,Atalopedes campestris,Lang Crossing,multiple,1,NA,1,no,no,
45,Atalopedes campestris,North Sacramento,multiple,1,4,1,yes,larva,
46,Atalopedes campestris,Rancho Cordova,multiple,1,4,1,yes,larva,
47,Atalopedes campestris,Sierra Valley,multiple,1,NA,1,NA,no,
48,Atalopedes campestris,Suisun Marsh,multiple,1,3,1,yes,larva,
49,Atalopedes campestris,Washington,multiple,1,NA,1,NA,NA,
50,Atalopedes campestris,West Sacramento,multiple,1,3,1,yes,larva,
51,Atlides halesus,Castle Peak,multiple,0,1,1,no,no,
52,Atlides halesus,Donner Pass,multiple,0,1,1,no,no,
53,Atlides halesus,Gates Canyon,multiple,0,1,1,yes,pupa,
54,Atlides halesus,Lang Crossing,multiple,0,1,1,yes,pupa,
55,Atlides halesus,North Sacramento,multiple,0,1,1,yes,pupa,
56,Atlides halesus,Rancho Cordova,multiple,0,1,1,yes,pupa,
57,Atlides halesus,Sierra Valley,multiple,0,1,1,yes,pupa,
58,Atlides halesus,Suisun Marsh,multiple,0,1,1,NA,NA,
59,Atlides halesus,Washington,multiple,0,1,1,yes,pupa,
60,Atlides halesus,West Sacramento,multiple,0,1,1,yes,pupa,
61,Battus philenor,Gates Canyon,multiple,0,1,1,yes,pupa,
62,Battus philenor,Lang Crossing,multiple,0,1,1,no,no,
63,Battus philenor,North Sacramento,multiple,0,1,1,yes,pupa,
64,Battus philenor,Rancho Cordova,multiple,0,1,1,yes,pupa,
65,Battus philenor,Suisun Marsh,multiple,0,1,1,no,no,
66,Battus philenor,Washington,multiple,0,1,1,no,no,
67,Battus philenor,West Sacramento,multiple,0,1,1,no,no,
68,Boloria epithore,Castle Peak,one,0,1,1,yes,larva,
69,Boloria epithore,Donner Pass,one,0,1,1,yes,larva,
70,Boloria epithore,Lang Crossing,one,0,1,1,yes,larva,
71,Boloria epithore,Sierra Valley,one,0,1,1,no,no,
72,Brephidium exile,Donner Pass,multiple,1,0,0,no,no,
73,Brephidium exile,Gates Canyon,multiple,1,1,1,no,no,
74,Brephidium exile,Lang Crossing,multiple,1,1,1,no,no,
75,Brephidium exile,North Sacramento,multiple,1,2,1,no,no,
76,Brephidium exile,Rancho Cordova,multiple,1,NA,1,no,no,
77,Brephidium exile,Sierra Valley,multiple,1,1,1,no,no,
78,Brephidium exile,Suisun Marsh,multiple,1,4,2,yes,yes,
79,Brephidium exile,Washington,multiple,1,0,0,no,no,
80,Brephidium exile,West Sacramento,multiple,1,2,1,no,no,
81,Callophrys dumetorum,Gates Canyon,two,0,1,1,yes,pupa,
82,Callophrys dumetorum,Lang Crossing,one,0,1,1,yes,pupa,
83,Callophrys dumetorum,Rancho Cordova,one,0,1,1,NA,NA,
84,Callophrys dumetorum,Washington,one,0,1,1,yes,pupa,
85,Callophrys sheridanii lemberti,Castle Peak,one,0,1,1,yes,pupa,
86,Callophrys sheridanii lemberti,Donner Pass,one,0,1,1,yes,pupa,
87,Callophrys sheridanii lemberti,Lang Crossing,one,0,1,1,yes,pupa,
88,Callophrys sheridanii lemberti,Sierra Valley,one,0,1,1,yes,pupa,
89,Carterocephalus palaemon,Washington,one,0,NA,1,yes,larva,
90,Celastrina ladon echo,Castle Peak,one,0,2,2,yes,pupa,
91,Celastrina ladon echo,Donner Pass,one,0,2,2,yes,pupa,
92,Celastrina ladon echo,Gates Canyon,two,0,2,2,yes,pupa,
93,Celastrina ladon echo,Lang Crossing,one,0,2,2,yes,pupa,
94,Celastrina ladon echo,North Sacramento,one,0,NA,3,yes,pupa,
95,Celastrina ladon echo,Rancho Cordova,one,0,0,0,NA,NA,
96,Celastrina ladon echo,Sierra Valley,one,0,NA,NA,no,no,
97,Celastrina ladon echo,Suisun Marsh,two,0,0,0,no,no,
98,Celastrina ladon echo,Washington,two,0,2,2,yes,pupa,
99,Celastrina ladon echo,West Sacramento,one,0,0,0,no,no,
100,Cercyonis oetus,Castle Peak,one,0,NA,NA,yes,larva,
101,Cercyonis oetus,Sierra Valley,one,0,NA,1,yes,larva,
102,Cercyonis pegala boopis,Gates Canyon,one,0,NA,1,yes,larva,
103,Cercyonis pegala boopis,Sierra Valley,one,0,NA,1,yes,larva,
104,Cercyonis sthenele silvestris,Donner Pass,one,0,0,0,no,no,
105,Cercyonis sthenele silvestris,Gates Canyon,one,0,0,0,yes,NA,
106,Cercyonis sthenele silvestris,Lang Crossing,one,0,NA,1,yes,larva,
107,Cercyonis sthenele silvestris,Sierra Valley,one,0,NA,1,yes,larva,
108,Cercyonis sthenele silvestris,Suisun Marsh,one,0,0,0,no,no,
109,Cercyonis sthenele silvestris,Washington,one,0,NA,1,yes,larva,
110,Chlosyne hoffmanni,Castle Peak,one,0,1,1,yes,larva,
111,Chlosyne hoffmanni,Donner Pass,one,0,1,1,yes,larva,
112,Chlosyne hoffmanni,Lang Crossing,one,0,1,1,no,no,
113,Chlosyne lacinia,North Sacramento,multiple,1,1,1,yes,larva,
114,Chlosyne palla,Castle Peak,one,0,2,1,no,no,
115,Chlosyne palla,Donner Pass,one,0,1,1,yes,larva,
116,Chlosyne palla,Gates Canyon,one,0,1,1,yes,larva,
117,Chlosyne palla,Lang Crossing,one,0,2,1,yes,larva,
118,Chlosyne palla,North Sacramento,one,0,1,1,no,no,
119,Chlosyne palla,Rancho Cordova,one,0,0,0,no,no,
120,Chlosyne palla,Sierra Valley,one,0,1,1,yes,larva,
121,Chlosyne palla,Suisun Marsh,one,0,0,0,no,no,
122,Chlosyne palla,Washington,one,0,1,1,yes,larva,
123,Coenonympha tullia ampelos,Castle Peak,two,0,NA,NA,yes,larva,
124,Coenonympha tullia ampelos,Donner Pass,two,0,0,0,no,no,
125,Coenonympha tullia ampelos,Sierra Valley,two,0,NA,1,yes,larva,
126,Coenonympha tullia california,Donner Pass,two,0,0,0,no,no,
127,Coenonympha tullia california,Gates Canyon,two,0,2,1,yes,larva,
128,Coenonympha tullia california,Lang Crossing,two,0,NA,1,yes,larva,
129,Coenonympha tullia california,North Sacramento,two,0,1,1,yes,larva,
130,Coenonympha tullia california,Rancho Cordova,two,0,2,1,yes,larva,
131,Coenonympha tullia california,Suisun Marsh,two,0,NA,1,no,no,
132,Coenonympha tullia california,Washington,two,0,NA,1,yes,larva,
133,Coenonympha tullia california,West Sacramento,two,0,NA,1,NA,no,
134,Colias alexandra,Donner Pass,one,0,0,0,no,no,
135,Colias alexandra,Sierra Valley,one,0,2,1,yes,larva,
136,Colias eurytheme,Castle Peak,multiple,1,4,1,no,no,
137,Colias eurytheme,Donner Pass,multiple,1,4,1,yes,larva,
138,Colias eurytheme,Gates Canyon,multiple,1,6,1,yes,larva,
139,Colias eurytheme,Lang Crossing,multiple,1,6,1,yes,larva,
140,Colias eurytheme,North Sacramento,multiple,1,5,1,yes,larva,
141,Colias eurytheme,Rancho Cordova,multiple,1,5,1,yes,larva,
142,Colias eurytheme,Sierra Valley,multiple,1,4,1,yes,larva,
143,Colias eurytheme,Suisun Marsh,multiple,1,5,1,yes,larva,
144,Colias eurytheme,Washington,multiple,1,4,1,yes,larva,
145,Colias eurytheme,West Sacramento,multiple,1,5,1,yes,larva,
146,Colias philodice (eriphyle),Donner Pass,multiple,1,0,0,no,no,
147,Colias philodice (eriphyle),Sierra Valley,multiple,1,4,1,yes,larva,
148,Danaus glippus,Donner Pass,NA,0,NA,1,no,no,
149,Danaus plexippus,Castle Peak,multiple,1,1,1,no,no,
150,Danaus plexippus,Donner Pass,multiple,1,0,0,no,no,
151,Danaus plexippus,Gates Canyon,multiple,1,1,1,no,no,
152,Danaus plexippus,Lang Crossing,multiple,1,1,1,no,no,
153,Danaus plexippus,North Sacramento,multiple,1,1,1,no,no,
154,Danaus plexippus,Rancho Cordova,multiple,1,1,1,no,no,
155,Danaus plexippus,Sierra Valley,multiple,1,1,1,no,no,
156,Danaus plexippus,Suisun Marsh,multiple,1,1,1,no,no,
157,Danaus plexippus,Washington,multiple,1,1,1,no,no,
158,Danaus plexippus,West Sacramento,multiple,1,1,1,no,no,
159,Epargyreus clarus,Gates Canyon,one,0,2,1,yes,NA,
160,Epargyreus clarus,Lang Crossing,one,0,2,1,no,no,
161,Epargyreus clarus,North Sacramento,one,0,1,1,yes,pupa,
162,Epargyreus clarus,Rancho Cordova,one,0,0,0,no,no,
163,Epargyreus clarus,Suisun Marsh,one,0,0,0,no,no,
164,Epargyreus clarus,Washington,one,0,1,1,yes,pupa,
165,Epargyreus clarus,West Sacramento,one,0,0,0,no,no,
166,Erynnis brizo lacustra,Washington,one,0,1,1,yes,larva,
167,Erynnis funeralis,North Sacramento,multiple,1,0,0,no,no,
168,Erynnis funeralis,Suisun Marsh,multiple,1,0,0,no,no,
169,Erynnis funeralis,West Sacramento,multiple,1,0,0,no,no,
170,Erynnis icelus,Donner Pass,one,0,2,1,NA,NA,
171,Erynnis icelus,Lang Crossing,one,0,1,1,yes,larva,
172,Erynnis icelus,Washington,one,0,1,1,yes,larva,
173,Erynnis pacuvius,Gates Canyon,one,0,1,1,yes,larva,
174,Erynnis pacuvius,Lang Crossing,one,0,1,1,yes,larva,
175,Erynnis pacuvius,Washington,one,0,1,1,NA,NA,
176,Erynnis persius,Castle Peak,two,0,1,1,no,no,
177,Erynnis persius,Donner Pass,two,0,1,1,yes,larva,
178,Erynnis persius,Gates Canyon,two,0,1,1,yes,larva,
179,Erynnis persius,Lang Crossing,two,0,1,1,yes,larva,
180,Erynnis persius,North Sacramento,multiple,0,1,1,NA,larva,
181,Erynnis persius,Rancho Cordova,multiple,0,1,1,NA,larva,
182,Erynnis persius,Sierra Valley,two,0,NA,1,NA,NA,
183,Erynnis persius,Suisun Marsh,two,0,1,1,no,no,
184,Erynnis persius,Washington,two,0,1,1,yes,larva,
185,Erynnis persius,West Sacramento,multiple,0,1,1,NA,NA,
186,Erynnis propertius,Castle Peak,one,0,1,1,yes,larva,
187,Erynnis propertius,Donner Pass,one,0,1,1,yes,larva,
188,Erynnis propertius,Gates Canyon,two,0,1,1,yes,larva,
189,Erynnis propertius,Lang Crossing,one,0,1,1,yes,larva,
190,Erynnis propertius,North Sacramento,one,0,1,1,no,no,
191,Erynnis propertius,Rancho Cordova,one,0,1,1,yes,larva,
192,Erynnis propertius,Sierra Valley,one,0,1,1,no,no,
193,Erynnis propertius,Suisun Marsh,two,0,1,1,no,no,
194,Erynnis propertius,Washington,one,0,1,1,yes,larva,
195,Erynnis propertius,West Sacramento,one,0,1,1,no,no,
196,Erynnis tristis,Donner Pass,multiple,0,1,1,no,no,
197,Erynnis tristis,Gates Canyon,multiple,0,1,1,yes,larva,
198,Erynnis tristis,Lang Crossing,multiple,0,1,1,no,no,
199,Erynnis tristis,North Sacramento,multiple,0,1,1,yes,larva,
200,Erynnis tristis,Rancho Cordova,multiple,0,1,1,yes,larva,
201,Erynnis tristis,Suisun Marsh,multiple,0,1,1,no,no,
202,Erynnis tristis,Washington,one,0,1,1,yes,larva,
203,Erynnis tristis,West Sacramento,multiple,0,1,1,yes,larva,
204,Euchloe ausonides,Castle Peak,one,0,1,1,yes,pupa,
205,Euchloe ausonides,Donner Pass,one,0,1,1,no,no,
206,Euchloe ausonides,Gates Canyon,two,0,4,1,no,pupa,
207,Euchloe ausonides,Lang Crossing,one,0,2,1,NA,pupa,
208,Euchloe ausonides,North Sacramento,two,0,3,1,no,no,
209,Euchloe ausonides,Rancho Cordova,two,0,3,1,no,no,
210,Euchloe ausonides,Sierra Valley,one,0,6,1,no,no,
211,Euchloe ausonides,Suisun Marsh,two,0,2,1,no,no,
212,Euchloe ausonides,Washington,one,0,1,1,NA,NA,
213,Euchloe ausonides,West Sacramento,two,0,2,1,no,no,
214,Euchloe hyantis foothill,Washington,one,0,1,1,yes,pupa,
215,Euchloe hyantis hyantis,Castle Peak,one,0,1,1,yes,pupa,
216,Euchloe hyantis hyantis,Donner Pass,one,0,1,1,yes,pupa,
217,Euchloe hyantis hyantis,Gates Canyon,one,0,1,1,no,no,
218,Euchloe hyantis hyantis,Lang Crossing,one,0,1,1,yes,pupa,
219,Euchloe hyantis lotta,Sierra Valley,one,0,NA,1,yes,pupa,
220,Euphilotes battoides,Castle Peak,one,0,1,1,yes,pupa,
221,Euphilotes battoides,Donner Pass,one,0,1,1,yes,pupa,
222,Euphilotes battoides,Lang Crossing,one,0,1,1,yes,pupa,
223,Euphilotes battoides,Sierra Valley,one,0,1,1,yes,pupa,
224,Euphilotes battoides,Washington,one,0,1,1,no,no,
225,Euphilotes enoptes,Castle Peak,one,0,1,1,yes,pupa,
226,Euphilotes enoptes,Donner Pass,one,0,1,1,yes,pupa,
227,Euphilotes enoptes,Lang Crossing,one,0,1,1,yes,pupa,
228,Euphilotes enoptes,Washington,one,0,1,1,yes,pupa,
229,Euphydryas chalcedona,Donner Pass,one,0,1,1,no,no,
230,Euphydryas chalcedona,Gates Canyon,one,0,7,1,yes,larva,
231,Euphydryas chalcedona,Lang Crossing,one,0,2,2,yes,larva,
232,Euphydryas chalcedona,North Sacramento,one,0,0,0,no,no,
233,Euphydryas chalcedona,Rancho Cordova,one,0,0,0,NA,NA,
234,Euphydryas chalcedona,Sierra Valley,one,0,NA,NA,yes,larva,
235,Euphydryas chalcedona,Suisun Marsh,one,0,0,0,no,no,
236,Euphydryas chalcedona,Washington,one,0,2,2,yes,larva,
237,Euphydryas chalcedona,West Sacramento,one,0,0,0,no,no,
238,Euphydryas editha,Castle Peak,one,0,3,2,no,no,
239,Euphydryas editha,Donner Pass,NA,NA,NA,NA,yes,larva,
240,Euphydryas editha,Lang Crossing,one,0,2,2,no,no,
241,Euphydryas editha,Sierra Valley,one,0,2,2,yes,larva,
242,Euphydryas editha,Washington,one,0,3,2,yes,larva,
243,Everes amyntula,Castle Peak,one,0,1,1,yes,larva,
244,Everes amyntula,Donner Pass,one,0,1,1,yes,larva,
245,Everes amyntula,Lang Crossing,one,0,2,1,yes,larva,
246,Everes amyntula,Sierra Valley,one,0,2,1,NA,NA,
247,Everes amyntula,Washington,one,0,2,1,yes,larva,
248,Everes comyntas,Gates Canyon,multiple,1,3,1,yes,larva,
249,Everes comyntas,Lang Crossing,multiple,1,2,1,no,no,
250,Everes comyntas,North Sacramento,multiple,1,5,1,yes,larva,
251,Everes comyntas,Rancho Cordova,multiple,1,3,1,yes,larva,
252,Everes comyntas,Suisun Marsh,multiple,1,4,1,yes,larva,
253,Everes comyntas,Washington,multiple,1,2,1,no,no,
254,Everes comyntas,West Sacramento,multiple,1,3,1,yes,larva,
255,Glaucopsyche lygdamus,Castle Peak,one,0,2,1,yes,pupa,
256,Glaucopsyche lygdamus,Donner Pass,one,0,1,1,yes,pupa,
257,Glaucopsyche lygdamus,Gates Canyon,one,0,3,1,yes,pupa,
258,Glaucopsyche lygdamus,Lang Crossing,one,0,2,1,yes,pupa,
259,Glaucopsyche lygdamus,North Sacramento,one,1,2,1,yes,pupa,
260,Glaucopsyche lygdamus,Rancho Cordova,one,1,1,1,yes,pupa,
261,Glaucopsyche lygdamus,Sierra Valley,one,0,1,1,yes,pupa,
262,Glaucopsyche lygdamus,Suisun Marsh,one,1,1,1,NA,NA,
263,Glaucopsyche lygdamus,Washington,one,0,2,1,yes,pupa,
264,Glaucopsyche lygdamus,West Sacramento,one,1,2,1,yes,pupa,
265,Glaucopsyche piasus,Castle Peak,one,0,1,1,yes,pupa,
266,Glaucopsyche piasus,Donner Pass,one,0,1,1,no,no,
267,Glaucopsyche piasus,Lang Crossing,one,0,1,1,NA,NA,
268,Habrodais grunus,Donner Pass,one,0,1,1,no,no,
269,Habrodais grunus,Lang Crossing,one,0,1,1,yes,egg,
270,Habrodais grunus,Washington,one,0,1,1,yes,egg,
271,Heliopetes ericetorum,Castle Peak,two,1,NA,NA,no,no,
272,Heliopetes ericetorum,Donner Pass,multiple,1,0,0,no,no,
273,Heliopetes ericetorum,Gates Canyon,two,0,1,1,no,no,
274,Heliopetes ericetorum,Lang Crossing,two,1,NA,1,no,no,
275,Heliopetes ericetorum,North Sacramento,two,0,0,0,no,no,
276,Heliopetes ericetorum,Rancho Cordova,two,0,0,0,no,no,
277,Heliopetes ericetorum,Suisun Marsh,two,0,0,0,no,no,
278,Heliopetes ericetorum,Washington,two,1,0,0,no,no,
279,Heliopetes ericetorum,West Sacramento,two,0,NA,1,no,no,
280,Hemiargus isola,Castle Peak,multiple,0,NA,NA,no,no,
281,Hemiargus isola,Lang Crossing,multiple,0,0,0,no,no,
282,Hemiargus isola,North Sacramento,multiple,0,0,0,no,no,
283,Hemiargus isola,West Sacramento,multiple,0,0,0,no,no,
284,Hesperia colorado harpalus,Castle Peak,one,0,NA,NA,yes,NA,
285,Hesperia colorado harpalus,Donner Pass,one,0,NA,NA,yes,larva,
286,Hesperia colorado harpalus,Lang Crossing,one,0,1,1,yes,larva,
287,Hesperia colorado harpalus,Washington,one,0,NA,NA,yes,larva,
288,Hesperia colorado idaho,Castle Peak,one,0,NA,NA,no,no,
289,Hesperia colorado idaho,Donner Pass,one,0,NA,NA,no,no,
290,Hesperia colorado idaho,Sierra Valley,one,0,NA,1,yes,larva,
291,Hesperia colorado ssp.,Washington,one,0,NA,1,yes,larva,
292,Hesperia columbia,Gates Canyon,two,0,1,1,yes,larva,
293,Hesperia juba,Castle Peak,one,0,NA,NA,yes,adult,
294,Hesperia juba,Donner Pass,one,0,NA,NA,yes,adult,
295,Hesperia juba,Lang Crossing,one,0,NA,1,yes,adult,
296,Hesperia juba,Sierra Valley,one,0,NA,1,yes,adult,
297,Hesperia juba,Washington,one,0,NA,1,yes,adult,
298,Hesperia lindseyi,Washington,one,0,1,1,yes,pupa,
299,Hesperia nevada,Castle Peak,one,0,NA,NA,yes,larva,
300,Hesperia nevada,Donner Pass,one,0,NA,NA,NA,larva,
301,Hylephila phyleus,Donner Pass,multiple,1,0,0,no,no,
302,Hylephila phyleus,Gates Canyon,multiple,1,3,1,no,no,
303,Hylephila phyleus,Lang Crossing,multiple,1,0,0,no,no,
304,Hylephila phyleus,North Sacramento,multiple,1,NA,1,yes,larva,
305,Hylephila phyleus,Rancho Cordova,multiple,1,3,1,yes,larva,
306,Hylephila phyleus,Sierra Valley,multiple,1,NA,1,no,no,
307,Hylephila phyleus,Suisun Marsh,multiple,1,3,1,yes,larva,
308,Hylephila phyleus,Washington,multiple,1,NA,1,no,no,
309,Hylephila phyleus,West Sacramento,multiple,1,3,1,yes,larva,
310,Incisalia augustinus iroides,Castle Peak,one,0,4,4,yes,pupa,
311,Incisalia augustinus iroides,Donner Pass,one,0,NA,NA,yes,pupa,
312,Incisalia augustinus iroides,Gates Canyon,two,0,1,1,yes,pupa,
313,Incisalia augustinus iroides,Lang Crossing,one,0,3,3,yes,pupa,
314,Incisalia augustinus iroides,North Sacramento,one,0,1,1,no,no,
315,Incisalia augustinus iroides,Rancho Cordova,one,0,1,1,yes,pupa,
316,Incisalia augustinus iroides,Sierra Valley,one,0,4,4,NA,NA,
317,Incisalia augustinus iroides,Suisun Marsh,two,0,1,1,no,no,
318,Incisalia augustinus iroides,Washington,one,0,3,3,yes,pupa,
319,Incisalia augustinus iroides,West Sacramento,one,0,1,1,no,no,
320,Incisalia eryphon,Castle Peak,one,0,1,1,yes,pupa,
321,Incisalia eryphon,Donner Pass,one,0,1,1,yes,pupa,
322,Incisalia eryphon,Lang Crossing,one,0,1,1,yes,pupa,
323,Incisalia eryphon,Sierra Valley,one,0,1,1,NA,NA,
324,Incisalia eryphon,Washington,one,0,1,1,yes,pupa,
325,Incisalia mossii,Donner Pass,one,0,1,1,yes,pupa,
326,Incisalia mossii,Lang Crossing,one,0,1,1,yes,pupa,
327,Incisalia mossii,Washington,one,0,1,1,yes,pupa,
328,Junonia coenia,Castle Peak,multiple,1,0,0,no,no,
329,Junonia coenia,Donner Pass,multiple,1,NA,NA,no,no,
330,Junonia coenia,Gates Canyon,multiple,1,7,3,yes,adult,
331,Junonia coenia,Lang Crossing,multiple,1,4,2,no,no,
332,Junonia coenia,North Sacramento,multiple,1,4,3,yes,adult,
333,Junonia coenia,Rancho Cordova,multiple,1,5,3,yes,adult,
334,Junonia coenia,Sierra Valley,multiple,1,1,1,no,no,
335,Junonia coenia,Suisun Marsh,multiple,1,3,3,yes,adult,
336,Junonia coenia,Washington,multiple,1,3,2,no,no,
337,Junonia coenia,West Sacramento,multiple,1,4,3,yes,adult,
338,Leptotes marina,Castle Peak,multiple,1,0,0,no,no,
339,Leptotes marina,Donner Pass,multiple,1,0,0,no,no,
340,Leptotes marina,Gates Canyon,multiple,1,1,1,NA,no,
341,Leptotes marina,North Sacramento,multiple,1,1,1,no,no,
342,Leptotes marina,Rancho Cordova,multiple,1,1,1,no,no,
343,Leptotes marina,Sierra Valley,multiple,1,1,1,no,no,
344,Leptotes marina,Suisun Marsh,multiple,1,1,1,no,no,
345,Leptotes marina,Washington,multiple,1,0,0,no,no,
346,Leptotes marina,West Sacramento,multiple,1,2,1,no,no,
347,Lerodea eufala,Gates Canyon,multiple,1,2,1,no,no,
348,Lerodea eufala,Lang Crossing,multiple,1,0,0,no,no,
349,Lerodea eufala,North Sacramento,multiple,1,4,1,yes,larva,
350,Lerodea eufala,Rancho Cordova,multiple,1,3,1,yes,larva,
351,Lerodea eufala,Suisun Marsh,multiple,1,3,1,NA,NA,
352,Lerodea eufala,Washington,multiple,1,0,0,no,no,
353,Lerodea eufala,West Sacramento,multiple,1,4,1,NA,NA,
354,Limenitis lorquini,Castle Peak,two,0,1,1,yes,larva,
355,Limenitis lorquini,Donner Pass,two,0,1,1,yes,larva,
356,Limenitis lorquini,Gates Canyon,multiple,0,1,1,yes,larva,
357,Limenitis lorquini,Lang Crossing,two,0,1,1,yes,larva,
358,Limenitis lorquini,North Sacramento,multiple,0,1,1,yes,larva,
359,Limenitis lorquini,Rancho Cordova,multiple,0,1,1,yes,larva,
360,Limenitis lorquini,Sierra Valley,two,0,1,1,yes,larva,
361,Limenitis lorquini,Suisun Marsh,multiple,0,1,1,yes,larva,
362,Limenitis lorquini,Washington,two,0,1,1,yes,larva,
363,Limenitis lorquini,West Sacramento,multiple,0,1,1,yes,larva,
364,Lycaeides idas anna,Castle Peak,one,0,1,1,yes,egg,
365,Lycaeides idas anna,Donner Pass,one,0,1,1,yes,egg,
366,Lycaeides idas anna,Lang Crossing,one,0,1,1,yes,larva,
367,Lycaeides idas anna,Washington,one,0,1,1,yes,larva,
368,Lycaeides melissa melissa,Donner Pass,one,1,1,1,NA,NA,
369,Lycaeides melissa melissa,Sierra Valley,multiple,1,1,1,yes,egg,
370,Lycaena arota arota,Castle Peak,one,0,1,1,yes,egg,
371,Lycaena arota arota,Donner Pass,one,0,1,1,yes,egg,
372,Lycaena arota arota,Gates Canyon,one,0,1,1,yes,egg,
373,Lycaena arota arota,Lang Crossing,one,0,1,1,yes,egg,
374,Lycaena arota arota,Sierra Valley,one,0,1,1,yes,egg,
375,Lycaena arota arota,Washington,one,0,1,1,yes,egg,
376,Lycaena arota virginiensis,Sierra Valley,one,0,1,1,yes,egg,
377,Lycaena cupreus,Castle Peak,one,0,2,2,yes,egg,
378,Lycaena cupreus,Donner Pass,one,0,NA,NA,yes,egg,
379,Lycaena cupreus,Lang Crossing,one,0,1,1,yes,egg,
380,Lycaena cupreus,Sierra Valley,one,0,2,1,no,no,
381,Lycaena editha,Castle Peak,one,0,2,1,yes,egg,
382,Lycaena editha,Donner Pass,one,0,2,1,yes,egg,
383,Lycaena editha,Lang Crossing,one,0,1,1,yes,egg,
384,Lycaena editha,Sierra Valley,one,0,2,1,yes,egg,
385,Lycaena gorgon,Gates Canyon,one,0,1,1,yes,egg,
386,Lycaena gorgon,Lang Crossing,one,0,1,1,no,no,
387,Lycaena gorgon,Washington,one,0,1,1,yes,egg,
388,Lycaena helloides,Castle Peak,multiple,1,3,2,no,no,
389,Lycaena helloides,Donner Pass,multiple,1,2,1,NA,egg,
390,Lycaena helloides,Gates Canyon,multiple,1,2,1,yes,egg,
391,Lycaena helloides,Lang Crossing,multiple,1,2,1,yes,egg,
392,Lycaena helloides,North Sacramento,multiple,1,2,1,yes,egg,
393,Lycaena helloides,Rancho Cordova,multiple,1,2,1,yes,egg,
394,Lycaena helloides,Sierra Valley,multiple,1,2,1,yes,egg,
395,Lycaena helloides,Suisun Marsh,multiple,1,3,2,yes,egg,
396,Lycaena helloides,Washington,multiple,1,2,1,NA,NA,
397,Lycaena helloides,West Sacramento,multiple,1,2,1,yes,egg,
398,Lycaena heteronea,Castle Peak,one,0,2,1,yes,egg,
399,Lycaena heteronea,Donner Pass,one,0,1,1,yes,egg,
400,Lycaena heteronea,Lang Crossing,one,0,1,1,no,no,
401,Lycaena heteronea,Sierra Valley,one,0,1,1,yes,NA,
402,Lycaena mariposa,Castle Peak,one,0,0,0,NA,NA,
403,Lycaena mariposa,Donner Pass,one,0,NA,NA,yes,egg,
404,Lycaena nivalis,Castle Peak,one,0,1,1,yes,egg,
405,Lycaena nivalis,Donner Pass,one,0,1,1,yes,egg,
406,Lycaena nivalis,Lang Crossing,one,0,1,1,no,no,
407,Lycaena rubidus,Castle Peak,one,0,1,1,no,no,
408,Lycaena rubidus,Donner Pass,one,0,1,1,yes,egg,
409,Lycaena xanthoides,Gates Canyon,one,0,1,1,NA,egg,
410,Lycaena xanthoides,North Sacramento,one,0,1,1,yes,egg,
411,Lycaena xanthoides,Suisun Marsh,one,0,1,1,yes,egg,
412,Lycaena xanthoides,Washington,one,0,1,1,yes,NA,
413,Lycaena xanthoides,West Sacramento,one,0,1,1,NA,egg,
414,Mitoura gryneus chalcosiva,Sierra Valley,one,0,2,1,yes,pupa,
415,Mitoura gryneus nelsoni,Donner Pass,one,0,1,1,no,no,
416,Mitoura gryneus nelsoni,Lang Crossing,one,0,1,1,yes,pupa,
417,Mitoura gryneus nelsoni,Washington,one,0,1,1,yes,pupa,
418,Mitoura johnsoni,Donner Pass,one,0,1,1,yes,pupa,
419,Mitoura johnsoni,Gates Canyon,two,0,1,1,no,no,
420,Mitoura johnsoni,Lang Crossing,one,0,1,1,NA,NA,
421,Mitoura johnsoni,Washington,one,0,1,1,NA,NA,
422,Mitoura spinetorum,Castle Peak,one,0,1,1,NA,NA,
423,Mitoura spinetorum,Donner Pass,two,0,1,1,yes,pupa,
424,Mitoura spinetorum,Lang Crossing,one,0,1,1,NA,NA,
425,Mitoura spinetorum,Sierra Valley,two,0,1,1,NA,NA,
426,Mitoura spinetorum,Washington,two,0,1,1,NA,NA,
427,Nathalis iole,Castle Peak,multiple,1,0,0,no,no,
428,Nathalis iole,Donner Pass,multiple,1,0,0,no,no,
429,Nathalis iole,Suisun Marsh,multiple,1,1,1,no,no,
430,Nathalis iole,West Sacramento,multiple,1,0,0,no,no,
431,Neophasia menapia,Castle Peak,one,0,2,1,no,no,
432,Neophasia menapia,Donner Pass,one,0,1,1,yes,egg,
433,Neophasia menapia,Lang Crossing,one,0,2,1,yes,egg,
434,Neophasia menapia,Sierra Valley,one,0,3,1,yes,egg,
435,Neophasia menapia,Washington,one,0,2,1,yes,egg,
436,Nymphalis antiopa,Castle Peak,one,0,1,1,yes,adult,
437,Nymphalis antiopa,Donner Pass,one,0,1,1,yes,adult,
438,Nymphalis antiopa,Gates Canyon,one,0,1,1,yes,adult,
439,Nymphalis antiopa,Lang Crossing,one,0,1,1,yes,adult,
440,Nymphalis antiopa,North Sacramento,one,0,2,2,yes,adult,
441,Nymphalis antiopa,Rancho Cordova,one,0,1,1,yes,adult,
442,Nymphalis antiopa,Sierra Valley,one,0,2,1,yes,adult,
443,Nymphalis antiopa,Suisun Marsh,one,0,1,1,yes,adult,
444,Nymphalis antiopa,Washington,one,0,1,1,yes,adult,
445,Nymphalis antiopa,West Sacramento,one,0,2,2,yes,adult,
446,Nymphalis californica,Castle Peak,one,0,1,1,yes,adult,
447,Nymphalis californica,Donner Pass,one,0,1,1,yes,adult,
448,Nymphalis californica,Gates Canyon,one,0,1,1,yes,adult,
449,Nymphalis californica,Lang Crossing,two,0,1,1,yes,adult,
450,Nymphalis californica,North Sacramento,two,0,1,1,no,no,
451,Nymphalis californica,Rancho Cordova,multiple,0,0,0,no,no,
452,Nymphalis californica,Sierra Valley,one,0,1,1,NA,adult,
453,Nymphalis californica,Suisun Marsh,multiple,0,1,1,no,no,
454,Nymphalis californica,Washington,two,0,1,1,NA,adult,
455,Nymphalis californica,West Sacramento,two,0,1,1,no,no,
456,Nymphalis milberti,Castle Peak,one,0,1,1,no,no,
457,Nymphalis milberti,Donner Pass,multiple,0,1,1,no,no,
458,Nymphalis milberti,Gates Canyon,one,0,1,1,NA,adult,
459,Nymphalis milberti,Lang Crossing,two,0,1,1,no,no,
460,Nymphalis milberti,North Sacramento,one,0,1,1,yes,adult,
461,Nymphalis milberti,Rancho Cordova,one,0,1,1,no,no,
462,Nymphalis milberti,Sierra Valley,one,0,1,1,NA,adult,
463,Nymphalis milberti,Suisun Marsh,one,0,1,1,NA,adult,
464,Nymphalis milberti,Washington,two,0,1,1,no,no,
465,Nymphalis milberti,West Sacramento,one,0,1,1,no,no,
466,Ochlodes agricola,Donner Pass,one,0,0,0,no,no,
467,Ochlodes agricola,Gates Canyon,one,0,2,1,yes,larva,
468,Ochlodes agricola,Lang Crossing,one,0,NA,1,yes,larva,
469,Ochlodes agricola,Washington,one,0,NA,1,yes,larva,
470,Ochlodes sylvanoides,Castle Peak,one,0,NA,NA,yes,larva,
471,Ochlodes sylvanoides,Donner Pass,one,0,NA,NA,yes,larva,
472,Ochlodes sylvanoides,Gates Canyon,two,0,3,1,yes,larva,
473,Ochlodes sylvanoides,Lang Crossing,one,0,NA,1,yes,larva,
474,Ochlodes sylvanoides,North Sacramento,two,0,1,1,yes,larva,
475,Ochlodes sylvanoides,Rancho Cordova,two,0,1,1,yes,larva,
476,Ochlodes sylvanoides,Sierra Valley,one,0,NA,1,yes,larva,
477,Ochlodes sylvanoides,Suisun Marsh,two,0,NA,1,yes,larva,
478,Ochlodes sylvanoides,Washington,one,0,NA,1,yes,larva,
479,Ochlodes sylvanoides,West Sacramento,two,0,NA,1,NA,larva,
480,Ochlodes yuma,Donner Pass,two,0,1,1,no,no,
481,Ochlodes yuma,North Sacramento,two,0,0,0,no,no,
482,Ochlodes yuma,Rancho Cordova,two,0,0,0,no,no,
483,Ochlodes yuma,Suisun Marsh,two,0,1,1,yes,larva,
484,Ochlodes yuma,West Sacramento,two,0,1,1,no,no,
485,Oeneis chryxus ivallda,Castle Peak,one,0,NA,NA,yes,larva,
486,Oeneis chryxus ivallda,Donner Pass,one,0,0,0,no,no,
487,Papilio eurymedon,Castle Peak,one,0,2,1,yes,pupa,
488,Papilio eurymedon,Donner Pass,one,0,2,1,yes,pupa,
489,Papilio eurymedon,Gates Canyon,one,0,3,2,yes,pupa,
490,Papilio eurymedon,Lang Crossing,one,0,2,1,yes,pupa,
491,Papilio eurymedon,North Sacramento,one,0,NA,NA,no,no,
492,Papilio eurymedon,Rancho Cordova,one,0,1,1,no,no,
493,Papilio eurymedon,Sierra Valley,one,0,3,2,yes,pupa,
494,Papilio eurymedon,Washington,one,0,2,1,yes,pupa,
495,Papilio indra,Castle Peak,one,0,1,1,yes,pupa,
496,Papilio indra,Donner Pass,one,0,1,1,yes,pupa,
497,Papilio indra,Lang Crossing,one,0,1,1,no,no,
498,Papilio multicaudatus,Gates Canyon,two,0,1,1,yes,pupa,
499,Papilio multicaudatus,Lang Crossing,one,0,1,1,no,no,
500,Papilio multicaudatus,North Sacramento,two,0,2,2,NA,pupa,
501,Papilio multicaudatus,Rancho Cordova,multiple,0,3,3,yes,pupa,
502,Papilio multicaudatus,Sierra Valley,one,0,1,1,yes,pupa,
503,Papilio multicaudatus,Suisun Marsh,two,0,2,2,no,no,
504,Papilio multicaudatus,Washington,two,0,1,1,yes,pupa,
505,Papilio multicaudatus,West Sacramento,multiple,0,3,3,no,no,
506,Papilio rutulus,Castle Peak,one,0,2,1,yes,pupa,
507,Papilio rutulus,Donner Pass,one,0,2,1,yes,pupa,
508,Papilio rutulus,Gates Canyon,two,0,5,5,yes,pupa,
509,Papilio rutulus,Lang Crossing,one,0,3,2,yes,pupa,
510,Papilio rutulus,North Sacramento,two,0,4,4,yes,pupa,
511,Papilio rutulus,Rancho Cordova,two,0,3,3,yes,pupa,
512,Papilio rutulus,Sierra Valley,one,0,4,3,yes,pupa,
513,Papilio rutulus,Suisun Marsh,multiple,0,3,3,yes,pupa,
514,Papilio rutulus,Washington,one,0,2,1,yes,pupa,
515,Papilio rutulus,West Sacramento,two,0,3,3,yes,pupa,
516,Papilio zelicaon,Castle Peak,one,0,3,1,yes,pupa,
517,Papilio zelicaon,Donner Pass,one,0,2,1,yes,pupa,
518,Papilio zelicaon,Gates Canyon,multiple,1,6,1,yes,pupa,
519,Papilio zelicaon,Lang Crossing,one,0,3,1,yes,pupa,
520,Papilio zelicaon,North Sacramento,multiple,1,2,1,yes,pupa,
521,Papilio zelicaon,Rancho Cordova,multiple,1,2,1,yes,pupa,
522,Papilio zelicaon,Sierra Valley,one,0,4,1,yes,pupa,
523,Papilio zelicaon,Suisun Marsh,multiple,1,5,1,yes,pupa,
524,Papilio zelicaon,Washington,one,0,4,1,yes,pupa,
525,Papilio zelicaon,West Sacramento,multiple,1,3,1,yes,pupa,
526,Parnassius clodius,Castle Peak,one,0,1,1,yes,larva,
527,Parnassius clodius,Donner Pass,one,0,1,1,yes,larva,
528,Parnassius clodius,Lang Crossing,one,0,1,1,yes,larva,
529,Parnassius clodius,Washington,one,0,1,1,yes,larva,
530,Parnassius phoebus behrii,Donner Pass,one,0,1,1,no,no,
531,Philotes sonorensis,Lang Crossing,one,0,1,1,yes,pupa,
532,Philotes sonorensis,Washington,one,0,1,1,yes,pupa,
533,Phoebis sennae,Lang Crossing,multiple,0,0,0,no,no,
534,Phoebis sennae,Sierra Valley,multiple,0,0,0,no,no,
535,Phoebis sennae,Suisun Marsh,multiple,0,1,1,no,no,
536,Phoebis sennae,Washington,multiple,0,0,0,no,no,
537,Pholisora catullus,Donner Pass,multiple,1,0,0,no,no,
538,Pholisora catullus,Gates Canyon,multiple,1,1,1,NA,larva,
539,Pholisora catullus,North Sacramento,multiple,1,1,1,yes,larva,
540,Pholisora catullus,Rancho Cordova,multiple,1,1,1,no,larva,
541,Pholisora catullus,Sierra Valley,multiple,1,0,0,no,no,
542,Pholisora catullus,Suisun Marsh,multiple,1,1,1,yes,larva,
543,Pholisora catullus,Washington,multiple,1,0,0,no,no,
544,Pholisora catullus,West Sacramento,multiple,1,1,1,yes,larva,
545,Phyciodes campestris campestris,Gates Canyon,multiple,0,1,1,no,no,
546,Phyciodes campestris campestris,Lang Crossing,one,0,1,1,no,no,
547,Phyciodes campestris campestris,North Sacramento,multiple,0,1,1,no,no,
548,Phyciodes campestris campestris,Rancho Cordova,multiple,0,1,1,no,no,
549,Phyciodes campestris campestris,Sierra Valley,one,0,NA,NA,no,no,
550,Phyciodes campestris campestris,Suisun Marsh,multiple,0,1,1,no,no,
551,Phyciodes campestris campestris,Washington,one,0,1,1,no,no,
552,Phyciodes campestris campestris,West Sacramento,multiple,0,1,1,no,no,
553,Phyciodes campestris campestris/montana,Sierra Valley,two,0,1,1,NA,larva,
554,Phyciodes campestris montana,Castle Peak,one,0,1,1,yes,larva,
555,Phyciodes campestris montana,Donner Pass,one,0,1,1,yes,larva,
556,Phyciodes campestris montana,Lang Crossing,one,0,1,1,yes,larva,
557,Phyciodes campestris montana,Sierra Valley,two,0,1,1,yes,larva,
558,Phyciodes campestris montana,Washington,one,0,1,1,NA,larva,
559,Phyciodes mylitta,Castle Peak,multiple,1,1,1,yes,larva,
560,Phyciodes mylitta,Donner Pass,multiple,1,1,1,yes,larva,
561,Phyciodes mylitta,Gates Canyon,multiple,1,3,1,yes,larva,
562,Phyciodes mylitta,Lang Crossing,multiple,1,1,1,yes,larva,
563,Phyciodes mylitta,North Sacramento,multiple,1,3,1,yes,larva,
564,Phyciodes mylitta,Rancho Cordova,multiple,1,3,1,yes,larva,
565,Phyciodes mylitta,Sierra Valley,multiple,1,1,1,yes,larva,
566,Phyciodes mylitta,Suisun Marsh,multiple,1,3,1,yes,larva,
567,Phyciodes mylitta,Washington,multiple,1,1,1,yes,larva,
568,Phyciodes mylitta,West Sacramento,multiple,1,3,1,yes,larva,
569,Phyciodes orseis herlani,Castle Peak,one,0,1,1,NA,larva,
570,Phyciodes orseis herlani,Donner Pass,one,0,1,1,yes,larva,
571,Phyciodes orseis herlani,Lang Crossing,one,0,NA,NA,no,no,
572,Pieris napi,Donner Pass,one,0,0,0,no,no,
573,Pieris napi,Gates Canyon,two,0,5,1,yes,pupa,
574,Pieris napi,Lang Crossing,one,0,3,1,yes,pupa,
575,Pieris napi,Washington,one,0,4,1,yes,pupa,
576,Pieris rapae,Castle Peak,multiple,1,1,1,no,no,
577,Pieris rapae,Donner Pass,multiple,1,6,1,yes,pupa,
578,Pieris rapae,Gates Canyon,multiple,1,8,1,yes,pupa,
579,Pieris rapae,Lang Crossing,multiple,1,6,1,yes,pupa,
580,Pieris rapae,North Sacramento,multiple,1,7,1,yes,pupa,
581,Pieris rapae,Rancho Cordova,multiple,1,6,1,yes,pupa,
582,Pieris rapae,Sierra Valley,multiple,1,6,1,yes,pupa,
583,Pieris rapae,Suisun Marsh,multiple,1,5,1,yes,pupa,
584,Pieris rapae,Washington,multiple,1,6,1,yes,pupa,
585,Pieris rapae,West Sacramento,multiple,1,6,1,yes,pupa,
586,Plebejus acmon,Castle Peak,multiple,1,2,2,no,no,
587,Plebejus acmon,Donner Pass,multiple,1,2,2,NA,NA,
588,Plebejus acmon,Gates Canyon,multiple,1,2,2,yes,larva,
589,Plebejus acmon,Gates Canyon,multiple,1,2,2,yes,larva,
590,Plebejus acmon,Lang Crossing,multiple,1,2,2,yes,larva,
591,Plebejus acmon,North Sacramento,multiple,1,3,2,yes,larva,
592,Plebejus acmon,Rancho Cordova,multiple,1,2,2,yes,larva,
593,Plebejus acmon,Sierra Valley,multiple,1,2,2,yes,larva,
594,Plebejus acmon,Sierra Valley,multiple,1,2,2,yes,larva,
595,Plebejus acmon,Suisun Marsh,multiple,1,3,2,yes,larva,
596,Plebejus acmon,Washington,multiple,1,2,2,yes,larva,
597,Plebejus acmon,West Sacramento,multiple,1,3,2,yes,larva,
598,Plebejus icarioides,Castle Peak,one,0,1,1,yes,larva,
599,Plebejus icarioides,Donner Pass,one,0,1,1,yes,larva,
600,Plebejus icarioides,Gates Canyon,one,0,1,1,yes,larva,
601,Plebejus icarioides,Lang Crossing,one,0,1,1,yes,larva,
602,Plebejus icarioides,Sierra Valley,one,0,1,1,yes,larva,
603,Plebejus icarioides,Washington,one,0,1,1,yes,larva,
604,Plebejus icarioides,West Sacramento,one,0,1,1,no,no,
605,Plebejus lupini,Castle Peak,one,0,1,1,yes,larva,
606,Plebejus lupini,Donner Pass,one,0,1,1,yes,larva,
607,Plebejus lupini,Lang Crossing,one,0,1,1,yes,larva,
608,Plebejus lupini,Washington,one,0,1,1,NA,larva,
609,Plebejus saepiolus,Castle Peak,one,0,1,1,yes,larva,
610,Plebejus saepiolus,Donner Pass,one,0,1,1,yes,larva,
611,Plebejus saepiolus,Lang Crossing,one,0,1,1,yes,larva,
612,Plebejus saepiolus,Sierra Valley,one,0,1,1,yes,larva,
613,Plebejus shasta,Castle Peak,one,0,2,1,yes,egg,
614,Plebejus shasta,Donner Pass,one,0,2,1,yes,egg,
615,Poanes melane,Gates Canyon,multiple,0,1,1,yes,larva,
616,Poanes melane,Lang Crossing,multiple,1,NA,1,no,no,
617,Poanes melane,North Sacramento,multiple,0,1,1,yes,larva,
618,Poanes melane,Rancho Cordova,multiple,0,1,1,yes,larva,
619,Poanes melane,Suisun Marsh,multiple,0,NA,1,yes,larva,
620,Poanes melane,Washington,multiple,1,NA,1,no,no,
621,Poanes melane,West Sacramento,multiple,0,NA,1,NA,larva,
622,Polites sabuleti sabuleti,Donner Pass,one,1,NA,NA,no,no,
623,Polites sabuleti sabuleti,Gates Canyon,multiple,1,1,1,NA,no,
624,Polites sabuleti sabuleti,Lang Crossing,one,1,NA,1,no,no,
625,Polites sabuleti sabuleti,North Sacramento,multiple,1,2,1,yes,pupa,
626,Polites sabuleti sabuleti,Rancho Cordova,multiple,1,1,1,no,no,
627,Polites sabuleti sabuleti,Sierra Valley,one,1,NA,1,NA,no,
628,Polites sabuleti sabuleti,Suisun Marsh,multiple,1,2,1,yes,pupa,
629,Polites sabuleti sabuleti,Washington,one,1,NA,1,no,no,
630,Polites sabuleti sabuleti,West Sacramento,multiple,1,2,1,yes,pupa,
631,Polites sabuleti ssp.,Castle Peak,one,0,NA,NA,no,no,
632,Polites sabuleti ssp.,Donner Pass,one,0,NA,NA,no,no,
633,Polites sabuleti ssp.,Sierra Valley,one,0,NA,1,yes,larva,
634,Polites sabuleti tecumseh,Castle Peak,one,0,NA,NA,yes,larva,
635,Polites sabuleti tecumseh,Donner Pass,one,0,NA,NA,yes,larva,
636,Polites sabuleti tecumseh,Lang Crossing,two,1,NA,1,yes,larva,
637,Polites sabuleti tecumseh,Sierra Valley,one,0,NA,1,yes,larva,
638,Polites sonora,Castle Peak,one,0,NA,NA,yes,larva,
639,Polites sonora,Donner Pass,one,0,NA,NA,yes,larva,
640,Polites sonora,Lang Crossing,one,0,NA,1,yes,larva,
641,Polites sonora,Sierra Valley,one,0,NA,1,yes,larva,
642,Polites sonora,Washington,one,0,NA,1,no,no,
643,Polygonia faunus,Castle Peak,one,0,1,1,NA,adult,
644,Polygonia faunus,Donner Pass,one,0,1,1,yes,adult,
645,Polygonia faunus,Lang Crossing,one,0,1,1,NA,adult,
646,Polygonia satyrus,Donner Pass,two,0,0,0,no,no,
647,Polygonia satyrus,Gates Canyon,two,0,1,1,yes,adult,
648,Polygonia satyrus,Lang Crossing,one,0,1,1,no,no,
649,Polygonia satyrus,North Sacramento,two,0,1,1,yes,adult,
650,Polygonia satyrus,Rancho Cordova,two,0,1,1,NA,adult,
651,Polygonia satyrus,Suisun Marsh,two,0,1,1,yes,adult,
652,Polygonia satyrus,Washington,one,0,1,1,no,no,
653,Polygonia satyrus,West Sacramento,two,0,1,1,yes,adult,
654,Polygonia zephyrus,Castle Peak,two,0,1,1,yes,adult,
655,Polygonia zephyrus,Donner Pass,two,0,1,1,yes,adult,
656,Polygonia zephyrus,Gates Canyon,two,0,1,1,yes,adult,
657,Polygonia zephyrus,Lang Crossing,one,0,1,1,yes,adult,
658,Polygonia zephyrus,Sierra Valley,two,0,1,1,yes,adult,
659,Polygonia zephyrus,Washington,one,0,1,1,yes,adult,
660,Pontia beckerii,Castle Peak,multiple,1,0,0,no,no,
661,Pontia beckerii,Donner Pass,multiple,1,2,1,no,no,
662,Pontia beckerii,Sierra Valley,multiple,1,3,1,yes,pupa,
663,Pontia occidentalis,Castle Peak,multiple,0,4,1,yes,pupa,
664,Pontia occidentalis,Donner Pass,multiple,1,5,1,yes,pupa,
665,Pontia occidentalis,Lang Crossing,multiple,1,2,1,no,no,
666,Pontia occidentalis,Rancho Cordova,multiple,0,0,0,no,no,
667,Pontia occidentalis,Sierra Valley,multiple,1,6,1,yes,pupa,
668,Pontia protodice,Castle Peak,multiple,1,1,1,no,no,
669,Pontia protodice,Donner Pass,multiple,1,4,1,no,no,
670,Pontia protodice,Gates Canyon,multiple,1,3,1,no,no,
671,Pontia protodice,Lang Crossing,multiple,1,2,1,no,no,
672,Pontia protodice,North Sacramento,multiple,1,2,1,no,no,
673,Pontia protodice,Rancho Cordova,multiple,0,3,1,no,no,
674,Pontia protodice,Sierra Valley,multiple,1,6,1,NA,pupa,
675,Pontia protodice,Suisun Marsh,multiple,1,1,1,NA,no,
676,Pontia protodice,Washington,multiple,1,2,1,no,no,
677,Pontia protodice,West Sacramento,multiple,1,4,1,NA,pupa,
678,Pontia sisymbrii,Castle Peak,one,0,NA,NA,yes,pupa,
679,Pontia sisymbrii,Donner Pass,one,0,2,1,yes,pupa,
680,Pontia sisymbrii,Gates Canyon,one,0,2,1,no,no,
681,Pontia sisymbrii,Lang Crossing,one,0,2,1,yes,pupa,
682,Pontia sisymbrii,North Sacramento,one,0,0,0,no,no,
683,Pontia sisymbrii,Sierra Valley,one,0,2,1,yes,pupa,
684,Pontia sisymbrii,Washington,one,0,2,1,yes,pupa,
685,Pyrgus communis,Castle Peak,one,0,1,1,yes,larva,
686,Pyrgus communis,Donner Pass,one,1,1,1,yes,larva,
687,Pyrgus communis,Gates Canyon,multiple,1,2,1,yes,larva,
688,Pyrgus communis,Lang Crossing,two,1,1,1,yes,larva,
689,Pyrgus communis,North Sacramento,multiple,1,2,1,yes,larva,
690,Pyrgus communis,Rancho Cordova,multiple,1,2,1,yes,larva,
691,Pyrgus communis,Sierra Valley,multiple,1,1,1,yes,larva,
692,Pyrgus communis,Suisun Marsh,multiple,0,1,1,yes,pupa,
693,Pyrgus communis,Washington,two,1,1,1,yes,larva,
694,Pyrgus communis,West Sacramento,multiple,1,2,1,yes,larva,
695,Pyrgus ruralis,Castle Peak,one,0,1,1,yes,larva,
696,Pyrgus ruralis,Donner Pass,one,0,1,1,yes,larva,
697,Pyrgus ruralis,Lang Crossing,one,0,1,1,yes,larva,
698,Pyrgus ruralis,Washington,one,0,1,1,no,no,
699,Pyrgus scriptura,Gates Canyon,multiple,0,1,1,no,no,
700,Pyrgus scriptura,North Sacramento,multiple,0,1,1,yes,pupa,
701,Pyrgus scriptura,Suisun Marsh,multiple,1,1,1,yes,larva,
702,Pyrgus scriptura,West Sacramento,multiple,0,1,1,yes,pupa,
703,Satyrium auretorum,Gates Canyon,one,0,1,1,yes,egg,
704,Satyrium auretorum,Lang Crossing,one,0,1,1,yes,egg,
705,Satyrium auretorum,North Sacramento,one,0,1,1,no,no,
706,Satyrium auretorum,Rancho Cordova,one,0,1,1,yes,egg,
707,Satyrium auretorum,Sierra Valley,one,0,1,1,no,no,
708,Satyrium auretorum,Washington,one,0,1,1,NA,egg,
709,Satyrium behrii,Castle Peak,one,0,1,1,yes,egg,
710,Satyrium behrii,Donner Pass,one,0,0,0,no,no,
711,Satyrium behrii,Sierra Valley,one,0,2,1,yes,egg,
712,Satyrium californica,Castle Peak,one,0,1,1,no,no,
713,Satyrium californica,Donner Pass,one,0,1,1,yes,egg,
714,Satyrium californica,Gates Canyon,one,0,1,1,yes,egg,
715,Satyrium californica,Lang Crossing,one,0,2,2,yes,egg,
716,Satyrium californica,North Sacramento,one,0,1,1,yes,egg,
717,Satyrium californica,Rancho Cordova,one,0,1,1,yes,egg,
718,Satyrium californica,Sierra Valley,one,0,1,1,yes,egg,
719,Satyrium californica,Suisun Marsh,one,0,1,1,no,no,
720,Satyrium californica,Washington,one,0,2,2,yes,egg,
721,Satyrium californica,West Sacramento,one,0,1,1,no,no,
722,Satyrium fuliginosum fuliginosum,Castle Peak,one,0,1,1,yes,egg,
723,Satyrium fuliginosum fuliginosum,Donner Pass,one,0,1,1,yes,egg,
724,Satyrium fuliginosum semiluna,Sierra Valley,one,0,1,1,yes,egg,
725,Satyrium saepium,Castle Peak,one,0,1,1,NA,egg,
726,Satyrium saepium,Donner Pass,one,0,1,1,yes,egg,
727,Satyrium saepium,Gates Canyon,one,0,1,1,yes,egg,
728,Satyrium saepium,Lang Crossing,one,0,1,1,yes,egg,
729,Satyrium saepium,Sierra Valley,one,0,1,1,yes,egg,
730,Satyrium saepium,Washington,one,0,1,1,yes,egg,
731,Satyrium sylvinus,Castle Peak,one,0,1,1,NA,egg,
732,Satyrium sylvinus,Donner Pass,one,0,1,1,yes,egg,
733,Satyrium sylvinus,Gates Canyon,one,0,1,1,yes,egg,
734,Satyrium sylvinus,Lang Crossing,one,0,1,1,yes,egg,
735,Satyrium sylvinus,North Sacramento,one,0,1,1,yes,egg,
736,Satyrium sylvinus,Rancho Cordova,one,0,1,1,NA,NA,
737,Satyrium sylvinus,Sierra Valley,one,0,1,1,NA,egg,
738,Satyrium sylvinus,Suisun Marsh,one,0,1,1,no,no,
739,Satyrium sylvinus,Washington,one,0,1,1,yes,egg,
740,Satyrium sylvinus,West Sacramento,one,0,1,1,yes,egg,
741,Satyrium tetra,Gates Canyon,one,0,1,1,yes,egg,
742,Satyrium tetra,Sierra Valley,one,0,1,1,yes,egg,
743,Satyrium tetra,Washington,one,0,1,1,no,no,
744,Speyeria atlantis irene,Castle Peak,one,0,1,1,yes,larva,
745,Speyeria atlantis irene,Donner Pass,one,0,1,1,yes,larva,
746,Speyeria atlantis irene,Lang Crossing,one,0,1,1,no,no,
747,Speyeria atlantis irene,Washington,one,0,1,1,no,no,
748,Speyeria callippe juba,Donner Pass,one,0,1,1,no,no,
749,Speyeria callippe juba,Lang Crossing,one,0,1,1,yes,larva,
750,Speyeria callippe juba,Rancho Cordova,one,0,1,1,no,no,
751,Speyeria callippe juba,Washington,one,0,1,1,yes,larva,
752,Speyeria callippe nevadensis,Donner Pass,one,0,1,1,no,no,
753,Speyeria callippe nevadensis,Sierra Valley,one,0,1,1,yes,larva,
754,Speyeria callippe ssp.,Gates Canyon,one,0,NA,NA,no,no,
755,Speyeria coronis,Castle Peak,one,0,1,1,yes,larva,
756,Speyeria coronis,Donner Pass,one,0,1,1,yes,larva,
757,Speyeria coronis,Gates Canyon,one,0,1,1,yes,larva,
758,Speyeria coronis,Lang Crossing,one,0,1,1,yes,larva,
759,Speyeria coronis,North Sacramento,one,0,1,1,no,no,
760,Speyeria coronis,Sierra Valley,one,0,1,1,yes,larva,
761,Speyeria coronis,Suisun Marsh,one,0,1,1,no,no,
762,Speyeria cybele leto,Castle Peak,one,0,1,1,no,no,
763,Speyeria cybele leto,Donner Pass,one,0,1,1,yes,larva,
764,Speyeria cybele leto,Lang Crossing,one,0,1,1,yes,larva,
765,Speyeria cybele leto,Sierra Valley,one,0,1,1,yes,larva,
766,Speyeria egleis,Castle Peak,one,0,1,1,yes,larva,
767,Speyeria egleis,Donner Pass,one,0,1,1,yes,larva,
768,Speyeria egleis,Lang Crossing,one,0,1,1,no,no,
769,Speyeria egleis,Sierra Valley,one,0,1,1,NA,NA,
770,Speyeria hydaspe,Castle Peak,one,0,1,1,no,no,
771,Speyeria hydaspe,Donner Pass,one,0,1,1,no,no,
772,Speyeria hydaspe,Lang Crossing,one,0,1,1,yes,larva,
773,Speyeria hydaspe,Sierra Valley,one,0,1,1,no,no,
774,Speyeria hydaspe,Washington,one,0,1,1,yes,larva,
775,Speyeria mormonia,Castle Peak,one,0,1,1,yes,larva,
776,Speyeria mormonia,Donner Pass,one,0,1,1,yes,larva,
777,Speyeria mormonia,Sierra Valley,one,0,1,1,no,no,
778,Speyeria zerene,Castle Peak,one,0,1,1,yes,larva,
779,Speyeria zerene,Donner Pass,one,0,1,1,yes,larva,
780,Speyeria zerene,Lang Crossing,one,0,1,1,yes,larva,
781,Speyeria zerene,Sierra Valley,one,0,1,1,yes,larva,
782,Speyeria zerene,Washington,one,0,1,1,yes,larva,
783,Strymon melinus,Castle Peak,multiple,1,NA,NA,no,no,
784,Strymon melinus,Donner Pass,multiple,1,1,1,no,no,
785,Strymon melinus,Gates Canyon,multiple,1,8,4,yes,pupa,
786,Strymon melinus,Lang Crossing,multiple,1,3,2,NA,NA,
787,Strymon melinus,North Sacramento,multiple,1,11,5,yes,pupa,
788,Strymon melinus,Rancho Cordova,multiple,1,7,4,yes,pupa,
789,Strymon melinus,Sierra Valley,multiple,1,NA,NA,no,no,
790,Strymon melinus,Suisun Marsh,multiple,1,8,4,yes,pupa,
791,Strymon melinus,Washington,multiple,1,1,1,no,no,
792,Strymon melinus,West Sacramento,multiple,1,8,5,yes,pupa,
793,Thessalia leanira,Gates Canyon,one,0,1,1,no,no,
794,Thessalia leanira,Lang Crossing,one,0,1,1,no,no,
795,Thessalia leanira,Washington,one,0,1,1,yes,larva,
796,Thorbyes diversus,Lang Crossing,NA,NA,NA,NA,yes,larva,
797,Thorybes diversus,Washington,one,0,1,1,yes,larva,
798,Thorybes mexicana nevada,Castle Peak,one,0,1,1,yes,larva,
799,Thorybes mexicana nevada,Donner Pass,one,0,1,1,yes,larva,
800,Thorybes mexicana nevada,Lang Crossing,one,0,1,1,no,no,
801,Thorybes mexicana nevada,Sierra Valley,one,0,3,1,no,no,
802,Thorybes pylades,Gates Canyon,one,0,3,1,yes,larva,
803,Thorybes pylades,Lang Crossing,one,0,2,1,NA,NA,
804,Thorybes pylades,Washington,one,0,2,1,yes,larva,
805,Vanessa annabella,Castle Peak,multiple,1,1,1,yes,adult,
806,Vanessa annabella,Donner Pass,multiple,1,1,1,yes,adult,
807,Vanessa annabella,Gates Canyon,multiple,1,3,2,yes,all,
808,Vanessa annabella,Lang Crossing,multiple,1,1,1,yes,NA,
809,Vanessa annabella,North Sacramento,multiple,1,3,2,yes,all,
810,Vanessa annabella,Rancho Cordova,multiple,1,2,2,yes,all,
811,Vanessa annabella,Sierra Valley,multiple,1,2,2,yes,adult,
812,Vanessa annabella,Suisun Marsh,multiple,1,3,2,yes,all,
813,Vanessa annabella,Washington,multiple,1,1,1,yes,adult,
814,Vanessa annabella,West Sacramento,multiple,1,4,2,yes,all,
815,Vanessa atalanta,Castle Peak,multiple,0,1,1,no,no,
816,Vanessa atalanta,Donner Pass,multiple,0,1,1,no,no,
817,Vanessa atalanta,Gates Canyon,multiple,0,1,1,yes,adult,
818,Vanessa atalanta,Lang Crossing,multiple,0,1,1,NA,adult,
819,Vanessa atalanta,North Sacramento,multiple,1,1,1,yes,adult,
820,Vanessa atalanta,Rancho Cordova,multiple,0,1,1,yes,adult,
821,Vanessa atalanta,Sierra Valley,multiple,0,1,1,no,no,
822,Vanessa atalanta,Suisun Marsh,multiple,0,1,1,yes,adult,
823,Vanessa atalanta,Washington,multiple,0,1,1,yes,adult,
824,Vanessa atalanta,West Sacramento,multiple,1,1,1,yes,adult,
825,Vanessa cardui,Castle Peak,multiple,1,11,6,no,no,
826,Vanessa cardui,Donner Pass,multiple,1,10,NA,no,no,
827,Vanessa cardui,Gates Canyon,multiple,1,11,4,no,no,
828,Vanessa cardui,Lang Crossing,multiple,1,8,5,no,no,
829,Vanessa cardui,North Sacramento,multiple,1,NA,NA,no,no,
830,Vanessa cardui,Rancho Cordova,multiple,1,NA,5,no,no,
831,Vanessa cardui,Sierra Valley,multiple,1,9,3,no,no,
832,Vanessa cardui,Suisun Marsh,multiple,1,10,NA,no,no,
833,Vanessa cardui,Washington,multiple,1,7,5,no,no,
834,Vanessa cardui,West Sacramento,multiple,1,16,NA,no,no,
835,Vanessa virginiensis,Castle Peak,multiple,0,2,1,no,no,
836,Vanessa virginiensis,Donner Pass,multiple,0,2,1,yes,adult,
837,Vanessa virginiensis,Gates Canyon,multiple,0,1,1,yes,adult,
838,Vanessa virginiensis,Lang Crossing,multiple,0,2,1,NA,NA,
839,Vanessa virginiensis,North Sacramento,multiple,0,1,1,yes,adult,
840,Vanessa virginiensis,Rancho Cordova,multiple,0,2,1,yes,adult,
841,Vanessa virginiensis,Sierra Valley,multiple,0,2,1,NA,NA,
842,Vanessa virginiensis,Suisun Marsh,multiple,0,3,1,yes,adult,
843,Vanessa virginiensis,Washington,multiple,0,2,1,yes,adult,
844,Vanessa virginiensis,West Sacramento,multiple,0,1,1,yes,adult,
845,Zerene eurydice,Gates Canyon,two,0,1,1,yes,adult,
846,Zerene eurydice,Lang Crossing,one,0,NA,1,no,no,
847,Zerene eurydice,North Sacramento,two,0,1,1,no,no,
848,Zerene eurydice,Rancho Cordova,two,0,1,1,no,no,
849,Zerene eurydice,Suisun Marsh,two,0,1,1,no,no,
850,Zerene eurydice,Washington,one,0,1,1,NA,adult,
851,Zerene eurydice,West Sacramento,two,0,1,1,no,no,
